uid,gene,category
A0A075B6I0,IGLV8-61,Immunoglobulins
A0A075B6I6,IGLV1-50,Immunoglobulins
A0A075B6S6,IGKV2D-30,Immunoglobulins
A0A075B6T7,TRAV6,Other_Cellular_Proteins
A0A087WSY6,IGKV3D-15,Immunoglobulins
A0A096LP01,SMIM26,Other_Cellular_Proteins
A0A0A0MRZ8,IGKV3D-11,Immunoglobulins
A0A0A0MS02,TRGV1,Other_Cellular_Proteins
A0A0A0MS14,IGHV1-45,Immunoglobulins
A0A0B4J1U3,IGLV1-36,Immunoglobulins
A0A0B4J1U4,TRGV5,Other_Cellular_Proteins
A0A0B4J1V7,IGHV7-81,Immunoglobulins
A0A0B4J1X5,IGHV3-74,Immunoglobulins
A0A0B4J245,TRAV12-1,Other_Cellular_Proteins
A0A0B4J271,TRAV12-3,Other_Cellular_Proteins
A0A0B4J2H0,IGHV1-69D,Immunoglobulins
A0A0C4DH41,IGHV4-61,Immunoglobulins
A0A0J9YX06,TRBJ1-2,Other_Cellular_Proteins
A0A0J9YX57,MAGEB6B,Other_Cellular_Proteins
A0A0K0K1G6,TRBV10-3,Other_Cellular_Proteins
A0A1B0GUW6,SPEM3,Membrane_Proteins
A0A1B0GV85,REELD1,Membrane_Proteins
A0A1B0GVD1,FAM237B,Secreted_Factors
A0A1B0GVH7,IQCM,Other_Cellular_Proteins
A0A286YF18,SMIM44,Membrane_Proteins
A0A2R8YFL7,OOSP4A,Secreted_Factors
A0A3B3IU46,RAMACL,Other_Cellular_Proteins
A0MZ66,SHTN1,Other_Cellular_Proteins
A2IDD5,CCDC78,Other_Cellular_Proteins
A3QJZ7,PRAMEF27,Other_Cellular_Proteins
A4FU49,SH3D21,Other_Cellular_Proteins
A6H8Y1,BDP1,Other_Cellular_Proteins
A6NDK9,GOLGA6C,Other_Cellular_Proteins
A6NDN3,GOLGA6B,Other_Cellular_Proteins
A6NGD5,ZSCAN5C,Other_Cellular_Proteins
A6NGG8,PCARE,Other_Cellular_Proteins
A6NGY3,C5orf52,Other_Cellular_Proteins
A6NJ46,NKX6-3,Other_Cellular_Proteins
A6NJT0,UNCX,Other_Cellular_Proteins
A6NJV1,FAM166C,Other_Cellular_Proteins
A6NKC9,SH2D7,Other_Cellular_Proteins
A6NKL6,TMEM200C,Membrane_Proteins
A6NKW6,SHISAL2B,Membrane_Proteins
A6NLE4,SMIM23,Other_Cellular_Proteins
A6NM43,CCT8L1P,Other_Cellular_Proteins
A6NM76,OR6C76,Other_Cellular_Proteins
A6NP11,ZNF716,Other_Cellular_Proteins
A7MCY6,TBKBP1,Cellular Enzymes
A7XYQ1,SOBP,Other_Cellular_Proteins
A8K0R7,ZNF839,Other_Cellular_Proteins
A8K0S8,MEIS3P2,Other_Cellular_Proteins
A8MTL0,IQCF5,Other_Cellular_Proteins
A8MU46,SMTNL1,Other_Cellular_Proteins
A8MUL3,ADARB2-AS1,Other_Cellular_Proteins
A8MUP6,GSG1L2,Membrane_Proteins
A8MV65,VGLL3,Other_Cellular_Proteins
A8MW95,BECN2,Other_Cellular_Proteins
A8MXT2,MAGEB17,Other_Cellular_Proteins
A8MYV0,DCDC2C,Other_Cellular_Proteins
A8MZ26,EFCAB9,Other_Cellular_Proteins
A9YTQ3,AHRR,Other_Cellular_Proteins
B3KS81,SRRM5,Other_Cellular_Proteins
B4DZS4,TCP11X1,Other_Cellular_Proteins
E5RJM6,ANKRD65,Other_Cellular_Proteins
F8VTS6,RFPL4AL1,Other_Cellular_Proteins
H3BNL1,C3orf84,Other_Cellular_Proteins
H7BZ55,CROCC2,Other_Cellular_Proteins
I3L273,GFY,Other_Cellular_Proteins
M0QZC1,RNF225,Membrane_Proteins
O00203,AP3B1,Other_Cellular_Proteins
O00206,TLR4,Other_Cellular_Proteins
O00232,PSMD12,Other_Cellular_Proteins
O00292,LEFTY2,Secreted_Factors
O00300,TNFRSF11B,Secreted_Factors
O00322,UPK1A,Membrane_Proteins
O00330,PDX1,Other_Cellular_Proteins
O00421,CCR6,Other_Cellular_Proteins
O00425,IGF2BP3,Other_Cellular_Proteins
O00512,BCL9,Other_Cellular_Proteins
O00592,PODXL,Membrane_Proteins
O00624,SLC17A2,Other_Cellular_Proteins
O00635,TRIM38,Other_Cellular_Proteins
O00755,WNT7A,Secreted_Factors
O14490,DLGAP1,Other_Cellular_Proteins
O14508,SOCS2,Other_Cellular_Proteins
O14520,AQP7,Other_Cellular_Proteins
O14662,STX16,Other_Cellular_Proteins
O14730,RIOK3,Cellular Enzymes
O14771,ZNF213,Other_Cellular_Proteins
O14788,TNFSF11,BDP
O14793,MSTN,Secreted_Factors
O14904,WNT9A,Secreted_Factors
O14979,HNRNPDL,Other_Cellular_Proteins
O15056,SYNJ2,Other_Cellular_Proteins
O15209,ZBTB22,Other_Cellular_Proteins
O15211,RGL2,Other_Cellular_Proteins
O15231,ZNF185,Other_Cellular_Proteins
O15240,VGF,Secreted_Factors
O15254,ACOX3,Cellular Enzymes
O15263,DEFB4B,Secreted_Factors
O15381,NVL,Other_Cellular_Proteins
O15466,ST8SIA5,Other_Cellular_Proteins
O15520,FGF10,Secreted_Factors
O15522,NKX2-8,Other_Cellular_Proteins
O15530,PDK1,Cellular Enzymes
O15530,PDPK1,Cellular Enzymes
O15547,P2RX6,Other_Cellular_Proteins
O43290,SART1,Other_Cellular_Proteins
O43313,ATMIN,Other_Cellular_Proteins
O43347,MSI1,Other_Cellular_Proteins
O43353,RIPK2,Cellular Enzymes
O43463,SUV39H1,Other_Cellular_Proteins
O43567,RNF13,Other_Cellular_Proteins
O43711,TLX3,Other_Cellular_Proteins
O43852,CALU,Other_Cellular_Proteins
O43895,XPNPEP2,Other_Cellular_Proteins
O43900,PRICKLE3,Other_Cellular_Proteins
O43914,TYROBP,Cellular Enzymes
O60218,AKR1B10,Secreted_Factors
O60268,KIAA0513,Other_Cellular_Proteins
O60602,TLR5,Other_Cellular_Proteins
O60684,KPNA6,Other_Cellular_Proteins
O60701,UGDH,Other_Cellular_Proteins
O60763,USO1,Other_Cellular_Proteins
O60884,DNAJA2,Membrane_Proteins
O75027,ABCB7,Other_Cellular_Proteins
O75153,CLUH,Other_Cellular_Proteins
O75157,TSC22D2,Other_Cellular_Proteins
O75159,SOCS5,Other_Cellular_Proteins
O75167,PHACTR2,Membrane_Proteins
O75185,ATP2C2,Other_Cellular_Proteins
O75200,NPIPB7,Secreted_Factors
O75330,HMMR,Other_Cellular_Proteins
O75333,TBX10,Other_Cellular_Proteins
O75335,PPFIA4,Other_Cellular_Proteins
O75340,PDCD6,Other_Cellular_Proteins
O75356,ENTPD5,Secreted_Factors
O75360,PROP1,Other_Cellular_Proteins
O75381,PEX14,Other_Cellular_Proteins
O75410,TACC1,Membrane_Proteins
O75452,RDH16,Other_Cellular_Proteins
O75503,CLN5,Membrane_Proteins
O75592,PAM,Other_Cellular_Proteins
O75648,TRMT1,Other_Cellular_Proteins
O75648,TRMU,Other_Cellular_Proteins
O75665,OFD1,Other_Cellular_Proteins
O75674,TOM1L1,Membrane_Proteins
O75688,PPM1B,Membrane_Proteins
O75716,STK16,Membrane_Proteins
O75791,GRAP2,Other_Cellular_Proteins
O75829,CNMD,Other_Cellular_Proteins
O75880,SCO1,Other_Cellular_Proteins
O75973,C1QL1,Secreted_Factors
O76036,NCR1,Other_Cellular_Proteins
O76074,PDE5A,Other_Cellular_Proteins
O76080,ZFAND5,Other_Cellular_Proteins
O94788,ALDH1A2,Other_Cellular_Proteins
O94805,ACTL6B,Other_Cellular_Proteins
O94933,SLITRK3,Membrane_Proteins
O94955,RHOBTB3,Other_Cellular_Proteins
O94972,TRIM37,Other_Cellular_Proteins
O94989,ARHGEF15,Other_Cellular_Proteins
O95047,OR2A4,Other_Cellular_Proteins
O95104,SCAF4,Other_Cellular_Proteins
O95154,AKR7A3,Other_Cellular_Proteins
O95157,NXPH3,Secreted_Factors
O95202,LETM1,Other_Cellular_Proteins
O95243,MED1,Other_Cellular_Proteins
O95476,CTDNEP1,Cellular Enzymes
O95772,STARD3NL,Other_Cellular_Proteins
O95872,GPANK1,Other_Cellular_Proteins
O95994,AGR2,Secreted_Factors
O96013,PAK4,Cellular Enzymes
O96020,CCNE2,Other_Cellular_Proteins
P00167,CYB5A,Other_Cellular_Proteins
P00390,GSR,Other_Cellular_Proteins
P00439,PAH,Other_Cellular_Proteins
P01106,MYC,BDP
P01258,CALCA,BDP
P01701,IGLV1-51,Immunoglobulins
P01742,IGHV1-69,Immunoglobulins
P01782,IGHV3-9,Immunoglobulins
P01824,IGHV4-39,Immunoglobulins
P01825,IGHV4-59,Immunoglobulins
P02452,COL1A1,BDP
P02461,COL3A1,BDP
P02751,FN1,BDP
P02818,BGLAP,BDP
P03372,ESR1,BDP
P03979,TRGV3,Other_Cellular_Proteins
P04004,VTN,BDP
P04198,MYCN,BDP
P04628,WNT1,Secreted_Factors
P04629,NTRK1,BDP
P04637,TP53,BDP
P05165,PCCA,Other_Cellular_Proteins
P05198,EIF2S1,Other_Cellular_Proteins
P05412,JUN,BDP
P05549,TFAP2A,Other_Cellular_Proteins
P05997,COL5A2,BDP
P06401,PGR,BDP
P06746,POLB,Other_Cellular_Proteins
P06870,KLK1,Other_Cellular_Proteins
P07204,THBD,Membrane_Proteins
P07225,PROS1,Serum_Proteins
P07333,CSF1R,BDP
P08123,COL1A2,BDP
P09211,GSTP1,Other_Cellular_Proteins
P0C1S8,WEE2,Cellular Enzymes
P0C5J1,FAM86B2,Other_Cellular_Proteins
P0C7T7,FRMD6-AS1,Other_Cellular_Proteins
P0C7V9,METTL15P1,Other_Cellular_Proteins
P0CAP2,POLR2M,Other_Cellular_Proteins
P0CB47,UBTFL1,Other_Cellular_Proteins
P0CB48,UBTFL6,Other_Cellular_Proteins
P0CG23,ZNF853,Other_Cellular_Proteins
P0CG33,GOLGA6D,Other_Cellular_Proteins
P0CW27,CCDC166,Other_Cellular_Proteins
P0DJD7,PGA4,Secreted_Factors
P0DJD8,PGA3,Secreted_Factors
P0DJI8,SAA1,Serum_Proteins
P0DMN0,SULT1A4,Other_Cellular_Proteins
P0DMS8,ADORA3,Other_Cellular_Proteins
P0DP08,IGHV4-38-2,Immunoglobulins
P0DQD5,NPY4R2,Other_Cellular_Proteins
P10073,ZSCAN22,Other_Cellular_Proteins
P10074,ZBTB48,Other_Cellular_Proteins
P10275,AR,BDP
P10415,BCL2,BDP
P10451,SPP1,BDP
P10515,DLAT,Other_Cellular_Proteins
P10828,THRB,Other_Cellular_Proteins
P11166,SLC2A1,Other_Cellular_Proteins
P12235,SLC25A4,Membrane_Proteins
P12270,TPR,Other_Cellular_Proteins
P12319,FCER1A,Immunoglobulins
P12429,ANXA3,Other_Cellular_Proteins
P12524,MYCL,BDP
P12532,CKMT1B,Cellular Enzymes
P12643,BMP2,BDP
P12644,BMP4,Other_Cellular_Proteins
P12755,SKI,Other_Cellular_Proteins
P12931,SRC,BDP
P13010,XRCC5,Other_Cellular_Proteins
P13385,TDGF1,Secreted_Factors
P13686,ACP5,Cellular Enzymes
P13727,PRG2,Secreted_Factors
P14314,PRKCSH,Other_Cellular_Proteins
P14923,JUP,Other_Cellular_Proteins
P15121,AKR1B1,Other_Cellular_Proteins
P15882,CHN1,Other_Cellular_Proteins
P16284,PECAM1,Other_Cellular_Proteins
P17252,PRKACA,Cellular Enzymes
P17538,CTRB1,Other_Cellular_Proteins
P17600,SYN1,Other_Cellular_Proteins
P17858,PFKL,Cellular Enzymes
P18075,BMP7,BDP
P18858,LIG1,Other_Cellular_Proteins
P18887,XRCC1,Other_Cellular_Proteins
P19087,GNAT2,Other_Cellular_Proteins
P19838,NFKB1,BDP
P20827,EFNA1,Secreted_Factors
P20908,COL5A1,BDP
P21580,TNFAIP3,Other_Cellular_Proteins
P21781,FGF7,Secreted_Factors
P21854,CD72,Membrane_Proteins
P22460,KCNA5,Other_Cellular_Proteins
P22676,CALB2,Other_Cellular_Proteins
P23219,PTGS1,BDP
P23327,HRC,Other_Cellular_Proteins
P24001,IL32,Secreted_Factors
P25024,CXCR1,Other_Cellular_Proteins
P25789,PSMA4,Other_Cellular_Proteins
P25940,COL5A3,BDP
P26441,CNTF,Other_Cellular_Proteins
P27352,CBLIF,Secreted_Factors
P27701,CD82,Other_Cellular_Proteins
P28482,MAPK1,BDP
P28566,HTR1E,Other_Cellular_Proteins
P28676,GCA,Other_Cellular_Proteins
P28907,CD38,Membrane_Proteins
P29474,NOS3,BDP
P30101,PDIA3,Cellular Enzymes
P30613,PKLR,Cellular Enzymes
P31271,HOXA13,Other_Cellular_Proteins
P31749,AKT1,BDP
P31941,APOBEC3A,Cellular Enzymes
P32238,CCKAR,Other_Cellular_Proteins
P32754,HPD,Other_Cellular_Proteins
P32780,GTF2H1,Other_Cellular_Proteins
P34972,CNR2,BDP
P34995,PTGER1,Other_Cellular_Proteins
P35226,BMI1,Other_Cellular_Proteins
P35269,GTF2F1,Other_Cellular_Proteins
P35354,PTGS2,BDP
P35443,THBS4,Matricellular
P35453,HOXD13,Other_Cellular_Proteins
P35680,HNF1B,Other_Cellular_Proteins
P36406,TRIM23,Other_Cellular_Proteins
P36957,DLST,Other_Cellular_Proteins
P36980,CFHR2,Serum_Proteins
P37275,ZEB1,Other_Cellular_Proteins
P39023,RPL3,Other_Cellular_Proteins
P39880,CUX1,Other_Cellular_Proteins
P40121,CAPG,Matricellular
P40199,CEACAM6,Other_Cellular_Proteins
P40879,SLC26A3,Membrane_Proteins
P41180,CASR,BDP
P41180,CASR,Other_Cellular_Proteins
P42574,CASP3,BDP
P43121,MCAM,Membrane_Proteins
P43235,CTSK,BDP
P43629,KIR3DL1,Immunoglobulins
P46100,ATRX,Other_Cellular_Proteins
P47756,CAPZB,Other_Cellular_Proteins
P47804,RGR,Membrane_Proteins
P47870,GABRB2,Other_Cellular_Proteins
P47871,GCGR,Other_Cellular_Proteins
P48048,KCNJ1,Other_Cellular_Proteins
P48146,NPBWR2,Other_Cellular_Proteins
P48595,SERPINB10,Other_Cellular_Proteins
P49189,ALDH9A1,Cellular Enzymes
P49207,RPL34,Other_Cellular_Proteins
P49247,RPIA,Other_Cellular_Proteins
P49591,SARS1,Other_Cellular_Proteins
P49640,EVX1,Other_Cellular_Proteins
P49682,CXCR3,Other_Cellular_Proteins
P49756,RBM25,Other_Cellular_Proteins
P49841,GSK3B,BDP
P49888,SULT1E1,Other_Cellular_Proteins
P49910,ZNF165,Other_Cellular_Proteins
P49959,MRE11,Other_Cellular_Proteins
P50225,SULT1A1,Other_Cellular_Proteins
P50391,NPY4R,Other_Cellular_Proteins
P50548,ERF,Other_Cellular_Proteins
P50747,HLCS,Other_Cellular_Proteins
P50749,RASSF2,Other_Cellular_Proteins
P51580,TPMT,Other_Cellular_Proteins
P51608,MECP2,Other_Cellular_Proteins
P51797,CLCN6,Other_Cellular_Proteins
P52272,HNRNPM,Other_Cellular_Proteins
P52298,NCBP2,Other_Cellular_Proteins
P52655,GTF2A1,Other_Cellular_Proteins
P52736,ZNF133,Other_Cellular_Proteins
P52737,ZNF136,Other_Cellular_Proteins
P53420,COL4A4,Collagens
P53602,MVD,Other_Cellular_Proteins
P53634,CTSC,ECM_Enzymes
P54136,RARS1,Other_Cellular_Proteins
P54278,PMS2,Other_Cellular_Proteins
P54868,HMGCS2,Other_Cellular_Proteins
P54886,ALDH18A1,Other_Cellular_Proteins
P55042,RRAD,Other_Cellular_Proteins
P55916,UCP3,Other_Cellular_Proteins
P56749,CLDN12,Other_Cellular_Proteins
P57054,PIGP,Membrane_Proteins
P57682,KLF3,Other_Cellular_Proteins
P57729,RAB38,Other_Cellular_Proteins
P57789,KCNK10,Other_Cellular_Proteins
P58182,OR12D2,Other_Cellular_Proteins
P58417,NXPH1,Secreted_Factors
P59282,TPPP2,Other_Cellular_Proteins
P60411,KRTAP10-9,Other_Cellular_Proteins
P60763,RAC3,Other_Cellular_Proteins
P62253,UBE2G1,Cellular Enzymes
P62312,LSM6,Other_Cellular_Proteins
P62491,RAB11A,Other_Cellular_Proteins
P62714,PPP2CB,Cellular Enzymes
P63252,KCNJ2,Other_Cellular_Proteins
P63279,UBE2I,Cellular Enzymes
P67775,PPP2CA,Cellular Enzymes
P78348,ASIC1,Other_Cellular_Proteins
P79483,HLA-DRB3,Other_Cellular_Proteins
P82094,TMF1,Other_Cellular_Proteins
P82932,MRPS6,Other_Cellular_Proteins
P84077,ARF1,Other_Cellular_Proteins
P84085,ARF5,Membrane_Proteins
P85299,PRR5,Other_Cellular_Proteins
P98077,SHC2,Other_Cellular_Proteins
Q00325,SLC25A3,Other_Cellular_Proteins
Q00887,PSG11,Secreted_Factors
Q01538,MYT1,Other_Cellular_Proteins
Q02040,AKAP17A,Cellular Enzymes
Q02086,SP2,Other_Cellular_Proteins
Q02252,ALDH6A1,Other_Cellular_Proteins
Q02297,NRG1,Membrane_Proteins
Q02978,SLC25A11,Other_Cellular_Proteins
Q04206,RELA,BDP
Q04917,YWHAH,Other_Cellular_Proteins
Q05823,RNASEL,Other_Cellular_Proteins
Q06546,GABPA,Other_Cellular_Proteins
Q06889,EGR3,Other_Cellular_Proteins
Q07343,PDE4B,Other_Cellular_Proteins
Q08378,GOLGA3,Other_Cellular_Proteins
Q08999,RBL2,Other_Cellular_Proteins
Q0VAM2,RASGEF1B,Other_Cellular_Proteins
Q0VAQ4,SMAGP,Other_Cellular_Proteins
Q0VG06,FAAP100,Other_Cellular_Proteins
Q0ZLH3,PJVK,Other_Cellular_Proteins
Q10567,AP1B1,Other_Cellular_Proteins
Q10713,INPP5E,Other_Cellular_Proteins
Q11203,ST3GAL3,Secreted_Factors
Q12800,TFCP2,Other_Cellular_Proteins
Q12926,ELAVL2,Other_Cellular_Proteins
Q12948,FOXC1,Other_Cellular_Proteins
Q12951,FOXI1,Other_Cellular_Proteins
Q12972,PPP1R8,Cellular Enzymes
Q13084,MRPL28,Other_Cellular_Proteins
Q13087,PDIA2,Other_Cellular_Proteins
Q13115,DUSP4,Cellular Enzymes
Q13127,REST,Other_Cellular_Proteins
Q13148,TARDBP,Other_Cellular_Proteins
Q13163,MAP2K5,Cellular Enzymes
Q13188,STK3,Cellular Enzymes
Q13310,PABPC4,Other_Cellular_Proteins
Q13434,MKRN4P,Other_Cellular_Proteins
Q13495,MAMLD1,Other_Cellular_Proteins
Q13946,PDE7A,Other_Cellular_Proteins
Q14005,IL16,Secreted_Factors
Q14050,COL9A3,Other_Cellular_Proteins
Q14126,DSG2,Other_Cellular_Proteins
Q14165,MLEC,Other_Cellular_Proteins
Q14184,DOC2B,Other_Cellular_Proteins
Q14203,DCTN1,Other_Cellular_Proteins
Q14397,GCKR,Cellular Enzymes
Q14500,KCNJ12,Membrane_Proteins
Q14507,EDDM3A,Secreted_Factors
Q14542,SLC29A2,Other_Cellular_Proteins
Q14568,HSP90AA2P,Other_Cellular_Proteins
Q14576,ELAVL3,Other_Cellular_Proteins
Q14623,IHH,Secreted_Factors
Q14692,BMS1,Other_Cellular_Proteins
Q14728,MFSD10,Other_Cellular_Proteins
Q14807,KIF22,Other_Cellular_Proteins
Q14865,ARID5B,Other_Cellular_Proteins
Q14966,ZNF638,Other_Cellular_Proteins
Q14973,SLC10A1,Other_Cellular_Proteins
Q14CM0,FRMPD4,Other_Cellular_Proteins
Q15003,NCAPH,Other_Cellular_Proteins
Q15022,SUZ12,Other_Cellular_Proteins
Q15038,DAZAP2,Other_Cellular_Proteins
Q15233,NONO,Other_Cellular_Proteins
Q15276,RABEP1,Other_Cellular_Proteins
Q15293,RCN1,Other_Cellular_Proteins
Q15365,PCBP1,Other_Cellular_Proteins
Q15397,PUM3,Other_Cellular_Proteins
Q15437,SEC23B,Other_Cellular_Proteins
Q15459,SF3A1,Other_Cellular_Proteins
Q15485,FCN2,Serum_Proteins
Q15642,TRIP10,Other_Cellular_Proteins
Q15643,TRIP11,Other_Cellular_Proteins
Q15696,ZRSR2,Other_Cellular_Proteins
Q15759,MAPK11,Cellular Enzymes
Q15777,MPPED2,Other_Cellular_Proteins
Q15813,TBCE,Other_Cellular_Proteins
Q16222,UAP1,Other_Cellular_Proteins
Q16539,MAPK14,BDP
Q16563,SYPL1,Other_Cellular_Proteins
Q16586,SGCA,Other_Cellular_Proteins
Q16651,PRSS8,Other_Cellular_Proteins
Q16719,KYNU,Other_Cellular_Proteins
Q16799,RTN1,Other_Cellular_Proteins
Q16891,IMMT,Other_Cellular_Proteins
Q17R89,ARHGAP44,Other_Cellular_Proteins
Q17RF5,ODAPH,Secreted_Factors
Q19AV6,ZSWIM7,Other_Cellular_Proteins
Q1W6H9,FAM110C,Other_Cellular_Proteins
Q2M2D7,TBC1D28,Other_Cellular_Proteins
Q2MV58,TCTN1,Secreted_Factors
Q2TAK8,PWWP3A,Other_Cellular_Proteins
Q2TBA0,KLHL40,Other_Cellular_Proteins
Q2YD98,UVSSA,Other_Cellular_Proteins
Q32M84,BTBD16,Other_Cellular_Proteins
Q32MK0,MYLK3,Cellular Enzymes
Q32NC0,C18orf21,Other_Cellular_Proteins
Q330K2,NDUFAF6,Other_Cellular_Proteins
Q3B7T3,BEAN1,Membrane_Proteins
Q3KNS6,ZNF829,Other_Cellular_Proteins
Q3KPI0,CEACAM21,Membrane_Proteins
Q3KRB8,ARHGAP11B,Other_Cellular_Proteins
Q3SXZ3,ZNF718,Other_Cellular_Proteins
Q3YEC7,RABL6,Other_Cellular_Proteins
Q494V2,CFAP100,Other_Cellular_Proteins
Q4G0U5,CFAP221,Other_Cellular_Proteins
Q4KMZ8,NKAIN1,Other_Cellular_Proteins
Q4VC44,FLYWCH1,Other_Cellular_Proteins
Q53SF7,COBLL1,Other_Cellular_Proteins
Q56NI9,ESCO2,Other_Cellular_Proteins
Q56P03,EAPP,Other_Cellular_Proteins
Q58F21,BRDT,Other_Cellular_Proteins
Q58FG1,HSP90AA4P,Other_Cellular_Proteins
Q58G82,SYT14P1,Other_Cellular_Proteins
Q5C9Z4,NOM1,Other_Cellular_Proteins
Q5CZ79,ANKRD20A8P,Other_Cellular_Proteins
Q5FWF5,ESCO1,Other_Cellular_Proteins
Q5H9J9,TCP11X2,Other_Cellular_Proteins
Q5HYK7,SH3D19,Other_Cellular_Proteins
Q5HYW3,RTL5,Other_Cellular_Proteins
Q5JNZ3,ZNF311,Other_Cellular_Proteins
Q5JQF8,PABPC1L2B,Other_Cellular_Proteins
Q5JR12,PPM1J,Cellular Enzymes
Q5JRM2,CXorf66,Membrane_Proteins
Q5MNV8,FBXO47,Other_Cellular_Proteins
Q5MNZ6,WDR45B,Other_Cellular_Proteins
Q5QNW6,H2BC18,Other_Cellular_Proteins
Q5SQ80,ANKRD20A2P,Other_Cellular_Proteins
Q5SQN1,SNAP47,Other_Cellular_Proteins
Q5SVS4,SLC25A30,Other_Cellular_Proteins
Q5SWL8,PRAMEF19,Other_Cellular_Proteins
Q5T036,FAM120AOS,Other_Cellular_Proteins
Q5T0F9,CC2D1B,Other_Cellular_Proteins
Q5T124,UBXN11,Other_Cellular_Proteins
Q5T200,ZC3H13,Other_Cellular_Proteins
Q5T2R2,PDSS1,Other_Cellular_Proteins
Q5T5N4,C6orf118,Other_Cellular_Proteins
Q5T5P2,KIAA1217,Other_Cellular_Proteins
Q5T5S1,CCDC183,Other_Cellular_Proteins
Q5T6C5,ATXN7L2,Other_Cellular_Proteins
Q5T6V5,C9orf64,Other_Cellular_Proteins
Q5TB80,CEP162,Other_Cellular_Proteins
Q5TCQ9,MAGI3,Cellular Enzymes
Q5TDH0,DDI2,Other_Cellular_Proteins
Q5TEU4,NDUFAF5,Other_Cellular_Proteins
Q5TGJ6,HDGFL1,Other_Cellular_Proteins
Q5THK1,PRR14L,Other_Cellular_Proteins
Q5U649,C12orf60,Other_Cellular_Proteins
Q5VSG8,MANEAL,Other_Cellular_Proteins
Q5VSR9,SPANXN1,Other_Cellular_Proteins
Q5VSY0,GKAP1,Cellular Enzymes
Q5VTQ0,TTC39B,Other_Cellular_Proteins
Q5VUY2,AADACL4,Membrane_Proteins
Q5VV17,OTUD1,Other_Cellular_Proteins
Q5VWK0,NBPF6,Other_Cellular_Proteins
Q5VWQ0,RSBN1,Other_Cellular_Proteins
Q5VXJ0,LIPK,Secreted_Factors
Q5VYY1,ANKRD22,Other_Cellular_Proteins
Q5XKK7,FAM219B,Other_Cellular_Proteins
Q659A1,ICE2,Other_Cellular_Proteins
Q674X7,KAZN,Other_Cellular_Proteins
Q68DY9,ZNF772,Other_Cellular_Proteins
Q6A163,KRT39,Other_Cellular_Proteins
Q6DN72,FCRL6,Other_Cellular_Proteins
Q6IB77,GLYAT,Other_Cellular_Proteins
Q6IEG0,SNRNP48,Other_Cellular_Proteins
Q6IMI6,SULT1C3,Other_Cellular_Proteins
Q6IPT4,CYB5RL,Other_Cellular_Proteins
Q6N043,ZNF280D,Other_Cellular_Proteins
Q6N069,NAA16,Other_Cellular_Proteins
Q6NSJ5,LRRC8E,Other_Cellular_Proteins
Q6NTE8,MRNIP,Other_Cellular_Proteins
Q6NUS6,TCTN3,Membrane_Proteins
Q6NXT4,SLC30A6,Other_Cellular_Proteins
Q6NXT6,TAPT1,Membrane_Proteins
Q6NZY4,ZCCHC8,Other_Cellular_Proteins
Q6P1K1,SLC48A1,Other_Cellular_Proteins
Q6P1L5,FAM117B,Other_Cellular_Proteins
Q6P1N0,CC2D1A,Other_Cellular_Proteins
Q6P4F7,ARHGAP11A,Other_Cellular_Proteins
Q6P996,PDXDC1,Other_Cellular_Proteins
Q6P9B9,INTS5,Other_Cellular_Proteins
Q6P9G9,ZNF449,Other_Cellular_Proteins
Q6PCB0,VWA1,Membrane_Proteins
Q6PF15,KLHL35,Other_Cellular_Proteins
Q6PJG2,MIDEAS,Other_Cellular_Proteins
Q6QHC5,DEGS2,Other_Cellular_Proteins
Q6QN14,USP17L6P,Other_Cellular_Proteins
Q6T4R5,NHS,Other_Cellular_Proteins
Q6UUV7,CRTC3,Other_Cellular_Proteins
Q6UW02,CYP20A1,Membrane_Proteins
Q6UWI4,SHISA2,Other_Cellular_Proteins
Q6UWW0,LCN15,Secreted_Factors
Q6UX07,DHRS13,Secreted_Factors
Q6UXN2,TREML4,Secreted_Factors
Q6XPS3,TPTE2,Cellular Enzymes
Q6YFQ2,COX6B2,Other_Cellular_Proteins
Q6ZMJ4,IL34,Secreted_Factors
Q6ZNL6,FGD5,Other_Cellular_Proteins
Q6ZRV2,FAM83H,Other_Cellular_Proteins
Q6ZT21,TMPPE,Membrane_Proteins
Q6ZTU2,EP400P1,Other_Cellular_Proteins
Q6ZVX7,NCCRP1,Other_Cellular_Proteins
Q70IA6,MOB2,Cellular Enzymes
Q71RH2,TLCD3B,Other_Cellular_Proteins
Q71UM5,RPS27L,Other_Cellular_Proteins
Q76G19,PDZD4,Other_Cellular_Proteins
Q76L83,ASXL2,Other_Cellular_Proteins
Q7L0X2,ERICH6,Other_Cellular_Proteins
Q7L775,EPM2AIP1,Other_Cellular_Proteins
Q7L804,RAB11FIP2,Other_Cellular_Proteins
Q7M4L6,SHF,Other_Cellular_Proteins
Q7RTN6,STRADA,Cellular Enzymes
Q7Z3D6,DGLUCY,Other_Cellular_Proteins
Q7Z418,KCNK18,Other_Cellular_Proteins
Q7Z4V0,ZNF438,Other_Cellular_Proteins
Q7Z5L3,C1QL2,Secreted_Factors
Q7Z602,GPR141,Other_Cellular_Proteins
Q7Z6I6,ARHGAP30,Other_Cellular_Proteins
Q7Z6K5,ARPIN,Other_Cellular_Proteins
Q7Z7B0,FILIP1,Other_Cellular_Proteins
Q7Z7G1,CLNK,Other_Cellular_Proteins
Q86SQ7,SDCCAG8,Other_Cellular_Proteins
Q86SS6,SYT9,Other_Cellular_Proteins
Q86TB3,ALPK2,Cellular Enzymes
Q86TM6,SYVN1,Other_Cellular_Proteins
Q86TY3,ARMH4,Membrane_Proteins
Q86U38,NOP9,Other_Cellular_Proteins
Q86UN6,AKAP14,Cellular Enzymes
Q86V59,PNMA8A,Other_Cellular_Proteins
Q86VH2,KIF27,Other_Cellular_Proteins
Q86VQ6,TXNRD3,Other_Cellular_Proteins
Q86W34,AMZ2,Other_Cellular_Proteins
Q86WR6,CHCT1,Other_Cellular_Proteins
Q86WT6,TRIM69,Other_Cellular_Proteins
Q86XN8,MEX3D,Other_Cellular_Proteins
Q86YF9,DZIP1,Other_Cellular_Proteins
Q86YG4,NT5DC4,Other_Cellular_Proteins
Q86YJ6,THNSL2,Secreted_Factors
Q86YW0,PLCZ1,Other_Cellular_Proteins
Q8IU57,IFNLR1,Membrane_Proteins
Q8IU60,DCP2,Other_Cellular_Proteins
Q8IUC2,KRTAP8-1,Other_Cellular_Proteins
Q8IUF8,RIOX2,Other_Cellular_Proteins
Q8IV20,LACC1,Other_Cellular_Proteins
Q8IV32,CCDC71,Other_Cellular_Proteins
Q8IVI9,NOSTRIN,Other_Cellular_Proteins
Q8IVP9,ZNF547,Other_Cellular_Proteins
Q8IVV7,GID4,Other_Cellular_Proteins
Q8IWF2,FOXRED2,Other_Cellular_Proteins
Q8IWF9,CCDC83,Other_Cellular_Proteins
Q8IWR1,TRIM59,Other_Cellular_Proteins
Q8IX04,UEVLD,Cellular Enzymes
Q8IXK0,PHC2,Other_Cellular_Proteins
Q8IXT1,DDIAS,Other_Cellular_Proteins
Q8IXW5,RPAP2,Cellular Enzymes
Q8IY51,TIGD4,Other_Cellular_Proteins
Q8IY85,EFCAB13,Other_Cellular_Proteins
Q8IYB9,ZNF595,Other_Cellular_Proteins
Q8IYE1,CCDC13,Other_Cellular_Proteins
Q8IYH5,ZZZ3,Other_Cellular_Proteins
Q8IYJ2,C10orf67,Other_Cellular_Proteins
Q8IYV9,IZUMO1,Other_Cellular_Proteins
Q8IYW5,RNF168,Other_Cellular_Proteins
Q8IYX8,CEP57L1,Other_Cellular_Proteins
Q8IZ40,RCOR2,Other_Cellular_Proteins
Q8IZ41,RASEF,Other_Cellular_Proteins
Q8IZJ4,RGL4,Other_Cellular_Proteins
Q8IZN3,ZDHHC14,Other_Cellular_Proteins
Q8IZP0,ABI1,Other_Cellular_Proteins
Q8IZQ8,MYOCD,Other_Cellular_Proteins
Q8N0S6,CENPL,Other_Cellular_Proteins
Q8N0U2,TMEM61,Membrane_Proteins
Q8N136,DAW1,Other_Cellular_Proteins
Q8N187,CARF,Other_Cellular_Proteins
Q8N1B3,CCNQ,Other_Cellular_Proteins
Q8N1D5,CFAP107,Other_Cellular_Proteins
Q8N1E2,LYG1,Secreted_Factors
Q8N1W2,ZNF710,Other_Cellular_Proteins
Q8N205,SYNE4,Other_Cellular_Proteins
Q8N257,H2BC26,Other_Cellular_Proteins
Q8N2N9,ANKRD36B,Other_Cellular_Proteins
Q8N344,MIER2,Other_Cellular_Proteins
Q8N3R9,PALS1,Other_Cellular_Proteins
Q8N448,LNX2,Other_Cellular_Proteins
Q8N465,D2HGDH,Other_Cellular_Proteins
Q8N468,MFSD4A,Membrane_Proteins
Q8N4E4,PDCL2,Other_Cellular_Proteins
Q8N4P6,LRRC71,Other_Cellular_Proteins
Q8N4U5,TCP11L2,Other_Cellular_Proteins
Q8N6G5,CSGALNACT2,Other_Cellular_Proteins
Q8N6M3,FITM2,Cellular Enzymes
Q8N7P3,CLDN22,Other_Cellular_Proteins
Q8N884,CGAS,Other_Cellular_Proteins
Q8N8B7,TCEANC,Other_Cellular_Proteins
Q8N945,PRELID2,Other_Cellular_Proteins
Q8N9B5,JMY,Other_Cellular_Proteins
Q8N9B8,RASGEF1A,Other_Cellular_Proteins
Q8N9F8,ZNF454,Other_Cellular_Proteins
Q8N9K5,ZNF565,Other_Cellular_Proteins
Q8N9L9,ACOT4,Cellular Enzymes
Q8N9U0,TC2N,Other_Cellular_Proteins
Q8N9W8,GARIN2,Other_Cellular_Proteins
Q8N9Z9,LMNTD1,Other_Cellular_Proteins
Q8NBP5,MFSD9,Membrane_Proteins
Q8NBR6,MINDY2,Other_Cellular_Proteins
Q8NCB2,CAMKV,Cellular Enzymes
Q8NCK3,ZNF485,Other_Cellular_Proteins
Q8NCX0,CCDC150,Other_Cellular_Proteins
Q8NDC0,MAPK1IP1L,Other_Cellular_Proteins
Q8NDH3,NPEPL1,Other_Cellular_Proteins
Q8NDV3,SMC1B,Other_Cellular_Proteins
Q8NEN0,ARMC2,Other_Cellular_Proteins
Q8NEP3,DNAAF1,Other_Cellular_Proteins
Q8NF37,LPCAT1,Other_Cellular_Proteins
Q8NF99,ZNF397,Other_Cellular_Proteins
Q8NFC6,BOD1L1,Other_Cellular_Proteins
Q8NFQ6,BPIFC,Secreted_Factors
Q8NFZ8,CADM4,Membrane_Proteins
Q8NG99,OR7G2,Other_Cellular_Proteins
Q8NGA1,OR1M1,Other_Cellular_Proteins
Q8NGA2,OR7A2P,Other_Cellular_Proteins
Q8NGA5,OR10H4,Other_Cellular_Proteins
Q8NGH8,OR56A4,Other_Cellular_Proteins
Q8NGJ6,OR51A4,Other_Cellular_Proteins
Q8NGJ7,OR51A2,Other_Cellular_Proteins
Q8NGK3,OR52K2,Other_Cellular_Proteins
Q8NGS7,OR13C8,Other_Cellular_Proteins
Q8NGU1,OR9A1P,Other_Cellular_Proteins
Q8NGX3,OR10T2,Other_Cellular_Proteins
Q8NH41,OR4K15,Other_Cellular_Proteins
Q8NH49,OR4X1,Other_Cellular_Proteins
Q8NH80,OR10D3,Other_Cellular_Proteins
Q8NH81,OR10G6,Other_Cellular_Proteins
Q8NHC7,OR14C36,Other_Cellular_Proteins
Q8NHS2,GOT1L1,Other_Cellular_Proteins
Q8NHV4,NEDD1,Other_Cellular_Proteins
Q8NHY0,B4GALNT2,Other_Cellular_Proteins
Q8NI08,NCOA7,Other_Cellular_Proteins
Q8TAC1,RFESD,Other_Cellular_Proteins
Q8TAT5,NEIL3,Other_Cellular_Proteins
Q8TB24,RIN3,Other_Cellular_Proteins
Q8TBE0,BAHD1,Other_Cellular_Proteins
Q8TC44,POC1B,Other_Cellular_Proteins
Q8TC71,SPATA18,Other_Cellular_Proteins
Q8TDD2,SP7,Other_Cellular_Proteins
Q8TDN6,BRIX1,Other_Cellular_Proteins
Q8TDR0,TRAF3IP1,Other_Cellular_Proteins
Q8TED0,UTP15,Other_Cellular_Proteins
Q8TEJ3,SH3RF3,Other_Cellular_Proteins
Q8TEL6,TRPC4AP,Other_Cellular_Proteins
Q8TES7,FBF1,Other_Cellular_Proteins
Q8TEY5,CREB3L4,Other_Cellular_Proteins
Q8TF09,DYNLRB2,Other_Cellular_Proteins
Q8TF50,ZNF526,Other_Cellular_Proteins
Q8WU79,SMAP2,Other_Cellular_Proteins
Q8WUB8,PHF10,Other_Cellular_Proteins
Q8WV41,SNX33,Membrane_Proteins
Q8WV92,MITD1,Membrane_Proteins
Q8WVN8,UBE2Q2,Cellular Enzymes
Q8WVR3,TRAPPC14,Other_Cellular_Proteins
Q8WVV4,POF1B,Other_Cellular_Proteins
Q8WWZ8,OIT3,Other_Cellular_Proteins
Q8WXA3,RUFY2,Other_Cellular_Proteins
Q8WXA9,SREK1,Other_Cellular_Proteins
Q8WXE0,CASKIN2,Other_Cellular_Proteins
Q8WZ69,C11orf40,Other_Cellular_Proteins
Q8WZA2,RAPGEF4,Membrane_Proteins
Q92187,ST8SIA4,Secreted_Factors
Q92530,PSMF1,Other_Cellular_Proteins
Q92541,RTF1,Other_Cellular_Proteins
Q92570,NR4A3,Other_Cellular_Proteins
Q92622,RUBCN,Other_Cellular_Proteins
Q92750,TAF4B,Other_Cellular_Proteins
Q92765,FRZB,Secreted_Factors
Q92802,N4BP2L2,Other_Cellular_Proteins
Q92889,ERCC4,Other_Cellular_Proteins
Q92913,FGF13,Other_Cellular_Proteins
Q92966,SNAPC3,Other_Cellular_Proteins
Q92993,KAT5,Other_Cellular_Proteins
Q93097,WNT2B,Secreted_Factors
Q969I3,GLYATL1,Other_Cellular_Proteins
Q969J2,ZKSCAN4,Other_Cellular_Proteins
Q969Q5,RAB24,Membrane_Proteins
Q969Q6,PPP2R3C,Cellular Enzymes
Q969R8,ITFG2,Other_Cellular_Proteins
Q969S0,SLC35B4,Other_Cellular_Proteins
Q969V6,MRTFA,Other_Cellular_Proteins
Q969X1,TMBIM1,Membrane_Proteins
Q969X2,ST6GALNAC6,Other_Cellular_Proteins
Q96A11,GAL3ST3,Other_Cellular_Proteins
Q96AE4,FUBP1,Other_Cellular_Proteins
Q96AN5,TMEM143,Membrane_Proteins
Q96AY3,FKBP10,Other_Cellular_Proteins
Q96B02,UBE2W,Cellular Enzymes
Q96BF3,TMIGD2,Immunoglobulins
Q96BP3,PPWD1,Other_Cellular_Proteins
Q96BR5,COA7,Other_Cellular_Proteins
Q96BR6,ZNF669,Other_Cellular_Proteins
Q96CH1,GPR146,Other_Cellular_Proteins
Q96DC7,TMCO6,Membrane_Proteins
Q96DH6,MSI2,Other_Cellular_Proteins
Q96DZ1,ERLEC1,Other_Cellular_Proteins
Q96EL2,MRPS24,Other_Cellular_Proteins
Q96G74,OTUD5,Other_Cellular_Proteins
Q96G91,P2RY11,Other_Cellular_Proteins
Q96HF1,SFRP2,Secreted_Factors
Q96HH9,GRAMD2B,Other_Cellular_Proteins
Q96HV5,TMEM41A,Membrane_Proteins
Q96J66,ABCC11,Other_Cellular_Proteins
Q96JA4,MS4A14,Membrane_Proteins
Q96K58,ZNF668,Other_Cellular_Proteins
Q96KQ4,PPP1R13B,Other_Cellular_Proteins
Q96KT6,LINC00208,Other_Cellular_Proteins
Q96L92,SNX27,Other_Cellular_Proteins
Q96M43,NBPF4,Other_Cellular_Proteins
Q96M63,ODAD1,Other_Cellular_Proteins
Q96M83,CCDC7,Other_Cellular_Proteins
Q96MC9,IKBKE-AS1,Other_Cellular_Proteins
Q96ME1,FBXL18,Other_Cellular_Proteins
Q96MK3,FAM20A,Secreted_Factors
Q96MX3,ZNF48,Other_Cellular_Proteins
Q96MY7,FAM161B,Other_Cellular_Proteins
Q96NG8,ZNF582,Other_Cellular_Proteins
Q96NI8,ZNF570,Other_Cellular_Proteins
Q96NL0,RUNDC3B,Other_Cellular_Proteins
Q96NL8,CFAP418,Other_Cellular_Proteins
Q96NU1,SAMD11,Other_Cellular_Proteins
Q96NX5,CAMK1G,Cellular Enzymes
Q96PG2,MS4A10,Membrane_Proteins
Q96PU9,ODF3,Other_Cellular_Proteins
Q96PX1,RNF157,Other_Cellular_Proteins
Q96Q11,TRNT1,Other_Cellular_Proteins
Q96Q27,ASB2,Other_Cellular_Proteins
Q96R45,OR2A7,Other_Cellular_Proteins
Q96R48,OR2A5,Other_Cellular_Proteins
Q96RA2,OR7D2,Other_Cellular_Proteins
Q96RD1,OR6C1,Other_Cellular_Proteins
Q96RN5,MED15,Other_Cellular_Proteins
Q96RP8,KCNA7,Membrane_Proteins
Q96RU8,TRIB1,Other_Cellular_Proteins
Q96S38,RPS6KC1,Membrane_Proteins
Q96SC8,DMRTA2,Other_Cellular_Proteins
Q96SN8,CDK5RAP2,Other_Cellular_Proteins
Q96SR6,ZNF382,Other_Cellular_Proteins
Q96T51,RUFY1,Other_Cellular_Proteins
Q96TA2,YME1L1,Other_Cellular_Proteins
Q99457,NAP1L3,Other_Cellular_Proteins
Q99496,RNF2,Other_Cellular_Proteins
Q99592,ZBTB18,Other_Cellular_Proteins
Q99705,MCHR1,Other_Cellular_Proteins
Q99719,SEPTIN5,Other_Cellular_Proteins
Q99727,TIMP4,Secreted_Factors
Q99742,NPAS1,Other_Cellular_Proteins
Q99788,CMKLR1,Other_Cellular_Proteins
Q99952,PTPN18,Cellular Enzymes
Q9BPX3,NCAPG,Other_Cellular_Proteins
Q9BQ52,ELAC2,Other_Cellular_Proteins
Q9BQA1,WDR77,Other_Cellular_Proteins
Q9BQB4,SOST,BDP
Q9BQI7,PSD2,Other_Cellular_Proteins
Q9BQN1,FAM83C,Other_Cellular_Proteins
Q9BQQ7,RTP3,Membrane_Proteins
Q9BQS8,FYCO1,Other_Cellular_Proteins
Q9BR76,CORO1B,Other_Cellular_Proteins
Q9BRV3,SLC50A1,Other_Cellular_Proteins
Q9BRX8,PRXL2A,Secreted_Factors
Q9BS86,ZPBP,Secreted_Factors
Q9BSU3,NAA11,Other_Cellular_Proteins
Q9BSW7,SYT17,Membrane_Proteins
Q9BT43,POLR3GL,Other_Cellular_Proteins
Q9BTL3,RAMAC,Other_Cellular_Proteins
Q9BTN0,LRFN3,Other_Cellular_Proteins
Q9BWL3,C1orf43,Membrane_Proteins
Q9BX73,TM2D2,Membrane_Proteins
Q9BXA6,TSSK6,Cellular Enzymes
Q9BXG8,SPZ1,Other_Cellular_Proteins
Q9BXL6,CARD14,Other_Cellular_Proteins
Q9BXW7,HDHD5,Other_Cellular_Proteins
Q9BY31,ZNF717,Other_Cellular_Proteins
Q9BYQ4,KRTAP9-2,Other_Cellular_Proteins
Q9BYV6,TRIM55,Other_Cellular_Proteins
Q9BYW1,SLC2A11,Other_Cellular_Proteins
Q9BZG8,DPH1,Other_Cellular_Proteins
Q9BZI1,IRX2,Other_Cellular_Proteins
Q9BZM3,GSX2,Other_Cellular_Proteins
Q9BZQ8,NIBAN1,Membrane_Proteins
Q9C0B9,ZCCHC2,Other_Cellular_Proteins
Q9C0I3,CCSER1,Other_Cellular_Proteins
Q9GZK6,OR2J1,Other_Cellular_Proteins
Q9GZP0,PDGFD,Secreted_Factors
Q9GZU8,PSME3IP1,Other_Cellular_Proteins
Q9GZX5,ZNF350,Other_Cellular_Proteins
Q9GZX7,AICDA,Other_Cellular_Proteins
Q9H093,NUAK2,Cellular Enzymes
Q9H0C1,ZMYND12,Other_Cellular_Proteins
Q9H0J4,QRICH2,Other_Cellular_Proteins
Q9H0X4,FAM234A,Membrane_Proteins
Q9H161,ALX4,Other_Cellular_Proteins
Q9H1K6,TLNRD1,Other_Cellular_Proteins
Q9H1R3,MYLK2,Cellular Enzymes
Q9H1Z4,WDR13,Other_Cellular_Proteins
Q9H208,OR10A2,Other_Cellular_Proteins
Q9H2G4,TSPYL2,Other_Cellular_Proteins
Q9H2K8,TAOK3,Cellular Enzymes
Q9H2S6,TNMD,Membrane_Proteins
Q9H2X3,CLEC4M,Secreted_Factors
Q9H313,TTYH1,Other_Cellular_Proteins
Q9H334,FOXP1,Other_Cellular_Proteins
Q9H341,OR51M1,Other_Cellular_Proteins
Q9H344,OR51I2,Other_Cellular_Proteins
Q9H346,OR52D1,Other_Cellular_Proteins
Q9H3D4,TP63,Other_Cellular_Proteins
Q9H3H1,TRIT1,Other_Cellular_Proteins
Q9H3U1,UNC45A,Other_Cellular_Proteins
Q9H4A9,DPEP2,Membrane_Proteins
Q9H6H4,REEP4,Other_Cellular_Proteins
Q9H6L2,TMEM231,Other_Cellular_Proteins
Q9H6N6,MYH16,Other_Cellular_Proteins
Q9H6T0,ESRP2,Other_Cellular_Proteins
Q9H6T3,RPAP3,Other_Cellular_Proteins
Q9H6Z4,RANBP3,Other_Cellular_Proteins
Q9H714,RUBCNL,Other_Cellular_Proteins
Q9H8M5,CNNM2,Other_Cellular_Proteins
Q9H8X9,ZDHHC11,Other_Cellular_Proteins
Q9H992,MARCHF7,Other_Cellular_Proteins
Q9HA72,CALHM2,Other_Cellular_Proteins
Q9HA82,CERS4,Other_Cellular_Proteins
Q9HAS0,C17orf75,Other_Cellular_Proteins
Q9HB14,KCNK13,Other_Cellular_Proteins
Q9HB89,NMUR1,Other_Cellular_Proteins
Q9HBJ7,USP29,Other_Cellular_Proteins
Q9HBV1,POPDC3,Membrane_Proteins
Q9HBW0,LPAR2,Other_Cellular_Proteins
Q9HCM4,EPB41L5,Other_Cellular_Proteins
Q9NP50,SINHCAF,Other_Cellular_Proteins
Q9NP60,IL1RAPL2,Membrane_Proteins
Q9NP78,ABCB9,Other_Cellular_Proteins
Q9NPH0,ACP6,Cellular Enzymes
Q9NQ03,SCRT2,Other_Cellular_Proteins
Q9NQ79,CRTAC1,Matricellular
Q9NQ86,TRIM36,Other_Cellular_Proteins
Q9NQ87,HEYL,Other_Cellular_Proteins
Q9NQI0,DDX4,Other_Cellular_Proteins
Q9NQV8,PRDM8,Other_Cellular_Proteins
Q9NR63,CYP26B1,Other_Cellular_Proteins
Q9NR83,SLC2A4RG,Other_Cellular_Proteins
Q9NRM2,ZNF277,Other_Cellular_Proteins
Q9NRV9,HEBP1,Other_Cellular_Proteins
Q9NRW3,APOBEC3C,Cellular Enzymes
Q9NRZ9,HELLS,Other_Cellular_Proteins
Q9NSD4,ZNF275,Other_Cellular_Proteins
Q9NSY1,BMP2K,Cellular Enzymes
Q9NTN9,SEMA4G,Other_Cellular_Proteins
Q9NU63,ZFP57,Other_Cellular_Proteins
Q9NVI1,FANCI,Other_Cellular_Proteins
Q9NVV5,AIG1,Other_Cellular_Proteins
Q9NW07,ZNF358,Other_Cellular_Proteins
Q9NW75,GPATCH2,Other_Cellular_Proteins
Q9NXG0,CNTLN,Other_Cellular_Proteins
Q9NY27,PPP4R2,Cellular Enzymes
Q9NY72,SCN3B,Other_Cellular_Proteins
Q9NYA3,GOLGA6A,Other_Cellular_Proteins
Q9NZP2,OR6C2,Other_Cellular_Proteins
Q9NZW4,DSPP,Other_Cellular_Proteins
Q9P0L2,MARK1,Cellular Enzymes
Q9P0W0,IFNK,Secreted_Factors
Q9P0Z9,PIPOX,Other_Cellular_Proteins
Q9P104,DOK5,Other_Cellular_Proteins
Q9P1V8,SAMD15,Other_Cellular_Proteins
Q9P2E5,CHPF2,Other_Cellular_Proteins
Q9P2E9,RRBP1,Other_Cellular_Proteins
Q9P2F5,STOX2,Other_Cellular_Proteins
Q9P2F9,ZNF319,Other_Cellular_Proteins
Q9P2H0,CEP126,Other_Cellular_Proteins
Q9P2H5,USP35,Other_Cellular_Proteins
Q9P2K3,RCOR3,Other_Cellular_Proteins
Q9P2M1,LRP2BP,Other_Cellular_Proteins
Q9P2M7,CGN,Other_Cellular_Proteins
Q9P2N2,ARHGAP28,Other_Cellular_Proteins
Q9P2N7,KLHL13,Other_Cellular_Proteins
Q9P2W7,B3GAT1,Secreted_Factors
Q9P2Y4,ZNF219,Other_Cellular_Proteins
Q9UBB4,ATXN10,Other_Cellular_Proteins
Q9UBT2,UBA2,Cellular Enzymes
Q9UEG4,ZNF629,Other_Cellular_Proteins
Q9UEW8,STK39,Cellular Enzymes
Q9UHF0,TAC3,Secreted_Factors
Q9UHQ9,CYB5R1,Membrane_Proteins
Q9UHV5,RAPGEFL1,Other_Cellular_Proteins
Q9UI42,CPA4,Secreted_Factors
Q9UI47,CTNNA3,Other_Cellular_Proteins
Q9UJ78,ZMYM5,Other_Cellular_Proteins
Q9UJA3,MCM8,Other_Cellular_Proteins
Q9UJJ7,RPUSD1,Other_Cellular_Proteins
Q9UJK0,TSR3,Other_Cellular_Proteins
Q9UJS0,SLC25A13,Other_Cellular_Proteins
Q9UK13,ZNF221,Other_Cellular_Proteins
Q9UK39,NOCT,Other_Cellular_Proteins
Q9UK59,DBR1,Cellular Enzymes
Q9UKF6,CPSF3,Other_Cellular_Proteins
Q9UKP6,UTS2R,Other_Cellular_Proteins
Q9UKQ9,KLK9,Secreted_Factors
Q9UL49,TCFL5,Other_Cellular_Proteins
Q9ULE3,DENND2A,Other_Cellular_Proteins
Q9ULE4,FAM184B,Other_Cellular_Proteins
Q9ULH7,MRTFB,Other_Cellular_Proteins
Q9ULK2,ATXN7L1,Other_Cellular_Proteins
Q9ULT0,TTC7A,Other_Cellular_Proteins
Q9ULV4,CORO1C,Other_Cellular_Proteins
Q9ULW0,TPX2,Other_Cellular_Proteins
Q9ULX5,RNF112,Membrane_Proteins
Q9ULZ2,STAP1,Other_Cellular_Proteins
Q9UM82,SPATA2,Other_Cellular_Proteins
Q9UMR7,CLEC4A,Other_Cellular_Proteins
Q9UMS4,PRPF19,Other_Cellular_Proteins
Q9UN19,DAPP1,Membrane_Proteins
Q9UN30,SCML1,Other_Cellular_Proteins
Q9UN79,SOX13,Other_Cellular_Proteins
Q9UNA4,POLI,Other_Cellular_Proteins
Q9UNK4,PLA2G2D,Secreted_Factors
Q9UNM6,PSMD13,Other_Cellular_Proteins
Q9UNN4,GTF2A1L,Other_Cellular_Proteins
Q9UNN8,PROCR,BDP
Q9UPM9,B9D1,Other_Cellular_Proteins
Q9UPR6,ZFR2,Other_Cellular_Proteins
Q9UQ35,SRRM2,Other_Cellular_Proteins
Q9UQC9,CLCA2,Secreted_Factors
Q9Y236,OSGIN2,Other_Cellular_Proteins
Q9Y2A9,B3GNT3,Other_Cellular_Proteins
Q9Y2E8,SLC9A8,Other_Cellular_Proteins
Q9Y2G2,CARD8,Other_Cellular_Proteins
Q9Y2J2,EPB41L3,Other_Cellular_Proteins
Q9Y2Q1,ZNF257,Other_Cellular_Proteins
Q9Y2R4,DDX52,Other_Cellular_Proteins
Q9Y2Z4,YARS2,Other_Cellular_Proteins
Q9Y303,AMDHD2,Other_Cellular_Proteins
Q9Y371,SH3GLB1,Other_Cellular_Proteins
Q9Y388,RBMX2,Other_Cellular_Proteins
Q9Y3I0,RTCB,Other_Cellular_Proteins
Q9Y467,SALL2,Other_Cellular_Proteins
Q9Y473,ZNF175,Other_Cellular_Proteins
Q9Y4K3,TRAF6,BDP
Q9Y4K4,MAP4K5,Cellular Enzymes
Q9Y4R8,TELO2,Membrane_Proteins
Q9Y577,TRIM17,Other_Cellular_Proteins
Q9Y5E5,PCDHB4,Other_Cellular_Proteins
Q9Y5H2,PCDHGA11,Other_Cellular_Proteins
Q9Y606,PUS1,Other_Cellular_Proteins
Q9Y618,NCOR2,Other_Cellular_Proteins
Q9Y620,RAD54B,Other_Cellular_Proteins
Q9Y6F1,PARP3,Other_Cellular_Proteins
Q9Y6F7,CDY2B,Other_Cellular_Proteins
Q9Y6F8,CDY1B,Other_Cellular_Proteins
Q9Y6N1,COX11,Other_Cellular_Proteins
Q9Y6P5,SESN1,Other_Cellular_Proteins
Q9Y6Q2,STON1,Membrane_Proteins
Q9Y6Q5,AP1M2,Other_Cellular_Proteins
