Cluster,Size,Density,Internal weight,Boundary weight,Quality,P-value,Members
1,26,0.3415,111.0,44.00,NaN,7.36654e-08,"TBKBP1 IL16 BMP7 NXPH1 RIOX2 FAM184B ARHGAP28 TIGD4 NMUR1 SYT9 TC2N SULT1A1 SULT1A4 ACP5 SKI ASXL2 SH3D19 ATP2C2 PARP3 RIOK3 PRKACA TPR MFSD4A FAM83C ZMYM5 BTBD16"
2,29,0.3005,122.0,75.00,NaN,9.24253e-08,"MRE11 ZNF526 TMEM200C TP53 PSMF1 RNF168 DNAAF1 SHISA2 PKLR OR56A4 HLA-DRB3 AKAP14 C3orf84 SCN3B KIF22 RTF1 PIGP SOCS2 ATXN7L1 GTF2F1 TCP11L2 TRGV1 EFNA1 LYG1 FRZB MOB2 PLA2G2D NXPH3 FGF10"
3,24,0.3152,87.00,34.00,NaN,4.76255e-07,"FAM161B STARD3NL SAMD11 BMP2 IGHV4-39 CCDC7 ARMH4 TRGV5 TMEM61 IGHV7-81 TPMT RPUSD1 TRGV3 MEIS3P2 RRBP1 GOLGA6D PDCD6 GOLGA6B APOBEC3A IZUMO1 IGHV4-59 IGHV4-38-2 IGHV4-61 IGHV1-45"
4,26,0.3046,99.00,55.00,NaN,5.08727e-07,"BCL9 PROCR ZNF48 ZBTB22 PAK4 SMIM26 COBLL1 TMCO6 DDX52 MYOCD C10orf67 GTF2A1L SGCA DHRS13 RTL5 TRAV12-3 VGF ATXN7L2 TMEM41A ATMIN SH3D21 RBMX2 AKAP17A DSPP SRRM5 MED15"
5,30,0.3011,131.0,109.0,NaN,1.02562e-06,"MED1 SCAF4 SOCS5 COL3A1 MCAM SULT1E1 SMC1B TNMD OTUD5 AADACL4 GLYATL1 PDE7A IQCM TMPPE NFKB1 ELAC2 ZNF221 ZNF311 ZCCHC2 ZNF772 LRP2BP ARHGAP44 ERICH6 UEVLD GOT1L1 FLYWCH1 POPDC3 RUNDC3B HTR1E RUBCNL"
6,27,0.3362,118.0,78.00,NaN,1.26637e-06,"RABEP1 MYCL FOXP1 ZNF438 RAMAC ALDH18A1 REST ZKSCAN4 CCDC150 ESCO1 TIMP4 MS4A14 HNF1B CFAP100 ZNF350 FBXL18 ESCO2 GOLGA3 EFCAB13 STK3 TRAPPC14 RAMACL EDDM3A TMF1 KCNJ12 KCNA7 TRIT1"
7,33,0.3011,159.0,128.0,NaN,1.27472e-06,"NRG1 PHC2 PSMA4 MAGEB17 MAGEB6B TRAF6 MSI1 SAMD15 RASSF2 ELAVL3 OR52D1 PMS2 ZNF319 CC2D1A C17orf75 RAB24 OR7D2 FAM166C ZNF547 SNRNP48 MYC OR2A7 FILIP1 UCP3 TRIB1 METTL15P1 EFCAB9 GSTP1 OR51M1 OR12D2 OR4X1 ODF3 STAP1"
8,34,0.2923,164.0,129.0,NaN,1.77454e-06,"TRIM55 PHC2 PSMA4 MAGEB17 MAGEB6B TRAF6 SAMD15 RASSF2 PMS2 ZNF319 CC2D1A C17orf75 NVL EVX1 RAB24 OR7D2 GCA FAM166C ZNF547 SNRNP48 MYC CALB2 OR6C2 OR2A7 FILIP1 UCP3 TRIB1 METTL15P1 EFCAB9 GSTP1 OR51M1 OR12D2 OR4X1 ODF3"
9,37,0.3003,200.0,254.0,NaN,2.89732e-06,"UBA2 TRIM23 ST8SIA4 CEACAM21 DAPP1 SYPL1 CADM4 MYLK3 HDHD5 CALHM2 TRIM59 BOD1L1 BDP1 IL34 AICDA NKAIN1 THBD ZNF449 COL5A2 TRMT1 SLC25A30 NBPF6 TNFRSF11B AHRR ZFP57 NBPF4 CLDN12 KPNA6 OR2A5 BECN2 ZSCAN22 TBX10 CCNQ RABL6 ZDHHC11 NPY4R CYB5RL"
10,18,0.4967,76.00,38.00,NaN,5.98079e-06,"ZNF629 SNX33 DENND2A TRIP11 PGA4 ZNF638 CEP126 PCCA PSG11 KLHL40 PPWD1 PDE4B RNASEL LIG1 AKT1 PGA3 CNTLN MIDEAS"
11,29,0.3005,122.0,114.0,NaN,6.30458e-06,"MED1 COL3A1 MCAM SULT1E1 SMC1B TNMD OTUD5 GLYATL1 PDE7A CARD8 IQCM TMPPE RDH16 NFKB1 ELAC2 ZNF221 ZNF311 ZCCHC2 ZNF772 MCM8 LRP2BP ARHGAP44 ERICH6 ZNF565 FLYWCH1 POPDC3 HTR1E RUBCNL IRX2"
12,19,0.3450,59.00,30.00,NaN,3.22580e-05,"TSC22D2 ZNF358 PABPC1L2B GRAMD2B SALL2 PRR5 LACC1 GFY RFESD TRBV10-3 PPP1R8 GARIN2 POLR3GL SPP1 RAC3 IGLV8-61 LCN15 ANKRD22 CC2D1B"
13,30,0.3011,131.0,136.0,NaN,0.000255529,"TRIM55 PHC2 PSMA4 MAGEB17 MAGEB6B TRAF6 SAMD15 PMS2 CC2D1A C17orf75 RAB24 OR7D2 MITD1 FAM166C ZNF547 MYC CALB2 OR10H4 OR2A7 FILIP1 UCP3 TRIB1 OR51A2 METTL15P1 EFCAB9 OR51M1 OR12D2 OR4K15 OR4X1 ODF3"
14,26,0.3015,98.00,147.0,NaN,0.000293268,"COL5A3 TELO2 PRSS8 KAZN MAMLD1 COX11 UPK1A CROCC2 TTYH1 CNR2 MYH16 LPCAT1 TBCE UBTFL1 FCRL6 THNSL2 SHC2 SHF SLC17A2 KCNK10 CENPL ABCB9 RGL2 SULT1C3 DZIP1 NCR1"
15,27,0.3020,106.0,146.0,NaN,0.000424214,"PSMD12 PDZD4 MAPK11 ERF CARF PPP2CB GTF2H1 ADORA3 NAA16 COL1A2 DDX4 HOXA13 OR9A1P GPR141 HOXD13 STOX2 OIT3 SNAPC3 PUM3 MKRN4P FAM20A UAP1 NAP1L3 HPD ALPK2 CASR SF3A1"
16,17,0.3088,42.00,57.00,NaN,0.00119853,"PRELID2 SINHCAF CHCT1 SYT14P1 TDGF1 TRAV6 PHACTR2 FAM237B SFRP2 IGLV1-36 PDCL2 ARPIN MYCN ARF5 C11orf40 RFPL4AL1 NKX2-8"
17,24,0.3007,83.00,142.0,NaN,0.00127473,"COL5A3 TELO2 KAZN MAMLD1 COX11 NIBAN1 UPK1A CROCC2 FCER1A CNR2 MYH16 LPCAT1 UBTFL1 FCRL6 THNSL2 SHC2 SHF KCNK10 CENPL RGR SLC2A11 PRAMEF19 POC1B NCR1"
18,26,0.3015,98.00,131.0,NaN,0.00133171,"SCAF4 COL3A1 MCAM SULT1E1 SMC1B TNMD LNX2 AADACL4 GLYATL1 AMZ2 ST3GAL3 NUAK2 TMPPE ELAC2 ZNF221 PRKCSH ARHGAP44 ERICH6 C9orf64 OTUD1 GOT1L1 FLYWCH1 POPDC3 HTR1E NOSTRIN RUBCNL"
19,15,0.3429,36.00,28.00,NaN,0.00203888,"CDK5RAP2 TRIM37 TSPYL2 ZNF717 PDE5A CTSK FRMPD4 ICE2 PWWP3A FANCI ARHGAP30 CASKIN2 QRICH2 EPM2AIP1 CARD14"
20,20,0.3000,57.00,125.0,NaN,0.00479703,"COL5A3 TELO2 COX11 CROCC2 TLCD3B MYH16 LPCAT1 UBTFL1 FCRL6 ITFG2 KLHL35 SHC2 SHF LMNTD1 FCN2 IHH KCNK10 UBTFL6 CLEC4M NCR1"
21,19,0.3041,52.00,62.00,NaN,0.00615471,"DCDC2C CTNNA3 HRC KCNK18 RUFY2 ZCCHC8 ZDHHC14 SOBP ARMC2 CCDC183 C6orf118 SOX13 NEIL3 ZNF485 TNFSF11 MIER2 WEE2 STRADA SERPINB10"
22,26,0.3015,98.00,137.0,NaN,0.00794927,"NRG1 PHC2 PSMA4 MAGEB17 MAGEB6B TRAF6 MSI1 ELAVL3 ELAVL2 OR52D1 PMS2 CC2D1A C17orf75 OR7D2 ZNF547 CALB2 OR10H4 OR2A7 FILIP1 UCP3 TRIB1 EFCAB9 GNAT2 OR12D2 OR4K15 ODF3"
23,18,0.3072,47.00,63.00,NaN,0.00796469,"MVD CCT8L1P DCTN1 BCL2 PSMD13 FAM86B2 GCKR CGN LRRC71 CDY1B NPEPL1 RGL4 RNF112 VWA1 REELD1 SLC48A1 CDY2B WNT9A"
24,9,0.4444,16.00,14.00,NaN,0.00845709,"HMMR TPX2 CASP3 ZNF839 DMRTA2 WDR45B TOM1L1 MRTFB SEPTIN5"
25,6,0.5333,8.000,4.000,NaN,0.00873894,"GCGR PCARE C1QL1 IFNLR1 NTRK1 P2RX6"
26,12,0.4091,27.00,22.00,NaN,0.0104056,"DLGAP1 SPEM3 TTC39B ZC3H13 SRC LRRC8E TTC7A RAD54B COL4A4 N4BP2L2 ACOX3 DDIAS"
27,12,0.3485,23.00,19.00,NaN,0.0115672,"SEC23B FGD5 RPS6KC1 LIPK USP35 NHS VTN STON1 THBS4 PFKL PPFIA4 JMY"
28,21,0.3048,64.00,139.0,NaN,0.0117310,"XRCC1 CXCR1 REEP4 SLC35B4 NDUFAF6 ST6GALNAC6 LPAR2 MCHR1 TCTN3 SLC25A4 COL1A1 RBM25 MPPED2 SLC50A1 NPBWR2 DOK5 OR2J1 SYT17 CXCR3 MSTN KCNK13"
29,22,0.3030,70.00,134.0,NaN,0.0168628,"COL5A3 TRIM69 TELO2 PRSS8 KAZN BRDT MAMLD1 UPK1A CNR2 MYH16 TBCE FCRL6 THNSL2 PRAMEF27 SHF KCNK10 CENPL SULT1C3 PRAMEF19 DZIP1 WNT2B NCR1"
30,8,0.6429,18.00,18.00,NaN,0.0183890,"ERCC4 TRIM36 PCDHGA11 KIAA1217 PRR14L ZFR2 CFAP221 PTGS2"
31,9,0.3056,11.00,9.000,NaN,0.0198437,"CTSC GABRB2 RAPGEF4 SEMA4G DEGS2 SLITRK3 COL5A1 FOXRED2 IL1RAPL2"
32,5,0.6000,6.000,4.000,NaN,0.0265867,"USP29 BMP2K TAOK3 ESR1 CNNM2"
33,9,0.3056,11.00,10.00,NaN,0.0344253,"CTSC GABRB2 SEMA4G RUBCN DEGS2 SLITRK3 COL5A1 FOXRED2 IL1RAPL2"
34,9,0.3333,12.00,10.00,NaN,0.0345773,"CLUH PTGS1 TLR5 PAM MANEAL MAGI3 CLCN6 KLHL13 CLCA2"
35,13,0.3077,24.00,48.00,NaN,0.0347534,"C1QL2 CCSER1 COA7 NAA11 SHISAL2B RELA CXorf66 RNF13 OR1M1 PJVK OR51A4 OR6C76 DUSP4"
36,12,0.3030,20.00,21.00,NaN,0.0353106,"SEC23B MAP4K5 FGD5 ABCB7 LIPK USP35 NHS VTN STON1 THBS4 PPFIA4 JMY"
37,14,0.2967,27.00,49.00,NaN,0.0359270,"C1QL2 CCSER1 KRTAP8-1 NAA11 SHISAL2B RELA CXorf66 RNF13 C1orf43 OR1M1 PJVK FGF13 OR51A4 OR6C76"
38,9,0.3056,11.00,10.00,NaN,0.0388194,"CTSC GABRB2 RAPGEF4 SEMA4G SLITRK3 COL5A1 CERS4 FOXRED2 IL1RAPL2"
39,16,0.3000,36.00,53.00,NaN,0.0527799,"PPP2R3C SUV39H1 HMGCS2 KIF27 PDPK1 CEP162 SNX27 PGR DBR1 CPSF3 PLCZ1 PROS1 RASGEF1B NT5DC4 SESN1 ZNF582"
40,9,0.3056,11.00,11.00,NaN,0.0539283,"POLI ZNF280D ZPBP ANKRD20A8P ZNF175 ZNF710 ANKRD20A2P GSK3B PCDHB4"
41,6,0.3333,5.000,14.00,NaN,0.0582138,"PSME3IP1 C5orf52 BGLAP GSX2 FAM110C OOSP4A"
42,9,0.3056,11.00,12.00,NaN,0.0672083,"SCML1 ZNF280D ZPBP ANKRD20A8P ZNF175 ZNF710 ANKRD20A2P GSK3B PCDHB4"
43,14,0.3297,30.00,37.00,NaN,0.0674467,"TYROBP H2BC26 LSM6 MRPS6 RPL34 ZNF853 SMAGP SHTN1 ZSWIM7 ZFAND5 JUN TAF4B H2BC18 TPPP2"
44,13,0.3077,24.00,30.00,NaN,0.0781736,"TYROBP LSM6 MRPS6 ZNF853 SMAGP SHTN1 ZSWIM7 EP400P1 SP2 JUN TAF4B H2BC18 TPPP2"
45,12,0.3030,20.00,57.00,NaN,0.0936878,"ZCCHC8 SOBP ALDH9A1 C6orf118 SOX13 TNFSF11 MIER2 WEE2 STRADA SERPINB10 ZBTB18 ALX4"
46,12,0.3030,20.00,60.00,NaN,0.109308,"TP53 OR56A4 AKAP14 ATXN7L1 LYG1 FRZB HSP90AA2P NKX6-3 TBC1D28 TM2D2 FGF7 IFNK"
47,6,0.3333,5.000,15.00,NaN,0.135638,"C18orf21 C5orf52 BGLAP GSX2 FAM110C OOSP4A"
48,13,0.3077,24.00,38.00,NaN,0.179849,"TYROBP LSM6 TNFAIP3 MRPS6 ZNF853 SMAGP SHTN1 ZSWIM7 ZFAND5 JUN ALDH9A1 TAF4B H2BC18"
49,6,0.4000,6.000,12.00,NaN,0.222423,"ZNF382 NR4A3 ZNF716 MAPK1 RNF157 MYT1"
50,15,0.3048,32.00,59.00,NaN,0.491599,"JUP HLCS BRDT NIBAN1 MARK1 DSG2 ST8SIA5 OSGIN2 PECAM1 ZNF570 SLC26A3 ZNF595 DUSP4 RARS1 ZNF136"
51,4,0.6667,4.000,10.00,NaN,0.617748,"TRAF3IP1 SPZ1  RANBP3"
52,6,0.4000,6.000,16.00,NaN,0.661251,"C1QL2 KRTAP8-1 COX6B2 PROP1 ZSCAN5C DAZAP2"
53,10,0.3111,14.00,46.00,NaN,0.663010,"LSM6 HNRNPDL PABPC4 WDR77 ZNF280D ZPBP ANKRD20A8P UBE2Q2 ZNF175 GSK3B"
54,9,0.3333,12.00,42.00,NaN,0.765167,"RAB11FIP2 CGN INPP5E ZNF382 CDY1B ZNF716 MAPK1 SH3RF3 WNT9A"
55,5,0.4000,4.000,9.000,NaN,0.783944,"ODAPH CCDC166 PODXL DEFB4B CCR6"
56,6,0.3333,5.000,16.00,NaN,0.795907,"CARD8 ZZZ3 PIPOX DPH1 ESR1 CNNM2"
57,10,0.3111,14.00,39.00,NaN,0.812321,"ST6GALNAC6 CPA4 NCOA7 GABPA STK16 NCCRP1 POF1B ANXA3 CNTF RPIA"
58,10,0.3111,14.00,41.00,NaN,0.839575,"TXNRD3 ANKRD36B ARHGAP11A MAPK14 RAPGEFL1 ZEB1 RASEF ZNF277 ERLEC1 FOXRED2"
59,9,0.3056,11.00,52.00,NaN,0.849121,"PSMD12 PDZD4 CARF PPP2CB NAA16 NAA11 HPD ALPK2 CASR"
60,4,0.5000,3.000,9.000,NaN,0.851258,"RBL2 TLCD3B CCNE2 AR"
61,6,0.3333,5.000,14.00,NaN,0.863430,"FAM120AOS ODAPH CCDC166 PODXL TRPC4AP CCR6"
62,6,0.3333,5.000,19.00,NaN,0.863430,"RUFY1 RUFY2 ODAPH CCDC166 PODXL CCR6"
63,6,0.3333,5.000,25.00,NaN,0.863430,"EPB41L5 ODAPH CCDC166 TRPC4AP PALS1 P2RY11"
64,5,0.5000,5.000,13.00,NaN,0.881248,"IGLV1-36 PDCL2 HDGFL1 ARPIN IGHV1-69"
65,7,0.3333,7.000,23.00,NaN,0.882952,"SLC9A8 ZNF213 PRICKLE3 TSR3 TRIM38 ZNF397 GPR146"
66,9,0.3056,11.00,44.00,NaN,0.894443,"PTGS1 UPK1A ARHGEF15 DPEP2 CHPF2 PAM DAW1 KCNK10 MAGI3"
67,8,0.3214,9.000,50.00,NaN,0.912845,"ZNF275 KRTAP10-9 KRTAP9-2 CBLIF NR4A3 VGLL3 FCN2 RIPK2"
68,4,0.5000,3.000,10.00,NaN,0.913983,"POLR2M ZNF185 FAM219B TRMU"
69,4,0.5000,3.000,10.00,NaN,0.918262,"RDH16 ZNF565 UTS2R C9orf64"
70,8,0.3214,9.000,29.00,NaN,0.920492,"TMEM231 ACTL6B UVSSA KIR3DL1 VGLL3 WNT7A TRNT1 NPAS1"
71,7,0.3333,7.000,36.00,NaN,0.925649,"XRCC1 CXCR1 POLB NCAPG NCAPH GRAP2 HEYL"
72,6,0.3333,5.000,20.00,NaN,0.949176,"TRIM59 UBE2W TRIM17 IGKV3D-11 CEP57L1 SNAP47"
73,4,0.5000,3.000,11.00,NaN,0.950288,"CCDC13 ZBTB22 C10orf67 DSPP"
74,9,0.3056,11.00,83.00,NaN,0.960031,"UBA2 UBE2I PSMA4 CALU PROP1 MRTFA TRIM38 KLF3 PPM1J"
75,6,0.3333,5.000,17.00,NaN,0.965076,"PRXL2A IGHV3-9 RTN1 IGHV1-69D IGHV1-69 ADARB2-AS1"
76,9,0.3333,12.00,54.00,NaN,0.969187,"SYT14P1 RAB11A ARF5 ARF1 AP3B1 AP1B1 RFPL4AL1 RHOBTB3 PTPN18"
77,6,0.3333,5.000,28.00,NaN,0.970215,"SLC35B4 TCTN3 MFSD10 ASIC1 CCDC83 TAPT1"
78,6,0.3333,5.000,54.00,NaN,0.972497,"ALDH6A1 WDR13 RABL6 CCDC71 MFSD9 PDSS1"
79,6,0.3333,5.000,20.00,NaN,0.972590,"SINHCAF SFRP2 PDCL2 RAD54B WNT1 IGKV2D-30"
80,6,0.3333,5.000,26.00,NaN,0.972821,"RSBN1 ALDH18A1 FKBP10 ARID5B ZNF565 UTS2R"
81,6,0.3333,5.000,21.00,NaN,0.973051,"GID4 PRG2 ODAPH CCDC166 TRPC4AP PDGFD"
82,6,0.3333,5.000,16.00,NaN,0.973739,"GPANK1 SOCS5 TMBIM1 SLC10A1 SPATA2 CEACAM6"
83,6,0.3333,5.000,18.00,NaN,0.973739,"GPANK1 TMBIM1 SPATA2 CEACAM6 TLX3 SMIM44"
84,6,0.3333,5.000,33.00,NaN,0.977045,"XRCC5 ERF NOS3 ATRX MITD1 PDX1"
85,5,0.4000,4.000,18.00,NaN,0.979371,"BAHD1 H2BC26 ZNF275 ACTL6B ARID5B"
86,6,0.3333,5.000,19.00,NaN,0.980667,"CCDC13 FAM161B STARD3NL ZBTB22 CCDC83 GOLGA6A"
87,6,0.3333,5.000,24.00,NaN,0.981748,"MAMLD1 TACC1 LPCAT1 POC1B NCR1 FBXO47"
88,6,0.5333,8.000,29.00,NaN,0.984240,"ADORA3 DDX4 HOXA13 OR9A1P GPR141 FAM20A"
89,6,0.3333,5.000,29.00,NaN,0.984870,"MAP2K5 MYLK2 NOCT DNAJA2 PTPN18 CRTAC1"
90,7,0.3333,7.000,40.00,NaN,0.984948,"HEBP1 TDGF1 C12orf60 BMP4 HNF1B PROS1 PCBP1"
91,6,0.3333,5.000,24.00,NaN,0.985182,"MKRN4P HPD BPIFC ZNF669 B4GALNT2 FOXI1"
92,6,0.3333,5.000,26.00,NaN,0.987230,"NOP9 TYROBP FAM234A LETM1 PDK1 NDUFAF5"
93,9,0.3056,11.00,94.00,NaN,0.987382,"AGR2 PCCA NONO ALDH18A1 FYCO1 DDI2 BGLAP STX16 RPS27L"
94,9,0.3333,12.00,59.00,NaN,0.988072,"TCP11X2 THRB AICDA CD82 RASGEF1A TCP11X1 DBR1 CPSF3 MARCHF7"
95,6,0.3333,5.000,24.00,NaN,0.988179,"TTYH1 ABCB9 TMEM143 CERS4 CUX1 MFSD9"
96,6,0.3333,5.000,23.00,NaN,0.989480,"HOXD13 CARD8 ZZZ3 PIPOX FOXC1 DPH1"
97,6,0.3333,5.000,30.00,NaN,0.991158,"SYNE4 TRIM69 SH3GLB1 TLR4 ZNF829 UBE2G1"
98,7,0.3333,7.000,30.00,NaN,0.991664,"GKAP1 ABI1 CLUH SLC50A1 FAAP100 RCOR3 TRIP10"
99,6,0.3333,5.000,26.00,NaN,0.991970,"TMEM200C OR52K2 OR10H4 ARHGAP11B MOB2 TFAP2A"
100,6,0.3333,5.000,25.00,NaN,0.992070,"PDIA2 RTN1 SYVN1 TACC1 POC1B UBE2G1"
101,6,0.3333,5.000,30.00,NaN,0.992749,"CD82 RASGEF1A RCOR2 PDIA2 SPATA18 TCP11X1"
102,6,0.3333,5.000,21.00,NaN,0.993584,"LPAR2 ZNF133 MRPS24 D2HGDH STK3 RUNDC3B"
103,6,0.3333,5.000,26.00,NaN,0.993707,"FAM234A SCO1 LETM1 DGLUCY ZNF454 COX11"
104,6,0.3333,5.000,31.00,NaN,0.994464,"CGAS MRPL28 UEVLD C9orf64 GOT1L1 FLYWCH1"
105,7,0.3333,7.000,29.00,NaN,0.994812,"POLR2M CAPZB FAM219B RPAP2 RPAP3 UBE2Q2 HELLS"
106,6,0.3333,5.000,28.00,NaN,0.995447,"ELAVL3 OR52D1 PEX14 OR10A2 SOBP MIER2"
107,7,0.3333,7.000,48.00,NaN,0.997342,"ZNF668 RSBN1 ZNF165 C18orf21 KIF22 DDX52 RBMX2"
108,7,0.3333,7.000,45.00,NaN,0.997419,"EIF2S1 REST SNX27 SLC2A1 PDCL2 RAB11A RPS27L"
109,6,0.3333,5.000,23.00,NaN,0.997458,"SLC35B4 NOP9 TYROBP FAM234A LETM1 FAM83H"
110,13,0.3077,24.00,142.0,NaN,0.997672,"POLB NCAPG PNMA8A UTP15 RNF2 NCAPH NOM1 BMI1 SUZ12 PABPC4 VGF RCOR3 MSI2"
111,13,0.3077,24.00,96.00,NaN,0.998408,"PDIA3 CORO1B CYB5A DLAT CORO1C SLC25A13 RTN1 DLST YARS2 SYVN1 PDK1 MAPK1 MLEC"
112,6,0.3333,5.000,31.00,NaN,0.998647,"FAM234A PDZD4 SLC25A3 LETM1 MAP2K5 CYB5R1"
113,6,0.3333,5.000,31.00,NaN,0.998717,"UTP15 UGDH BRIX1 MYLK2 GTF2A1 TAF4B"
114,6,0.3333,5.000,29.00,NaN,0.998786,"SNX27 SLC2A1 KCNK18 HLCS CTDNEP1 NEIL3"
115,6,0.3333,5.000,30.00,NaN,0.998852,"GTF2H1 TACC1 ERCC4 UVSSA NPBWR2 POC1B"
116,7,0.3333,7.000,45.00,NaN,0.999134,"CEP162 NEDD1 ST3GAL3 CRTC3 CMKLR1 HELLS FITM2"
